{"mean":{"confidence_interval":{"confidence_level":0.95,"lower_bound":6777644.0,"upper_bound":7060627.25},"point_estimate":6911853.25,"standard_error":71861.92125809027},"median":{"confidence_interval":{"confidence_level":0.95,"lower_bound":6670275.0,"upper_bound":6952112.5},"point_estimate":6831450.0,"standard_error":74807.4684614797},"median_abs_dev":{"confidence_interval":{"confidence_level":0.95,"lower_bound":419575.79255104065,"upper_bound":718523.5447436571},"point_estimate":544429.2428344488,"standard_error":75599.9539364479},"slope":null,"std_dev":{"confidence_interval":{"confidence_level":0.95,"lower_bound":533609.1874939628,"upper_bound":915317.9337410402},"point_estimate":719101.0718501593,"standard_error":99780.32582458796}}